Game;Date;Time;Source Player Name;Target Player Name;Event;Source Coalition;Source Category;Source Type;Source Unit;Target Coalition;Target Category;Target Type;Target Name;Nr;Score
TAW_CSARz_PALACE_3.6136;7/05/2017;12:19:37;PL8;;DESTROY_SCORE;Red;Plane;Su-25T;Pilot #058;Blue;Vehicle;Hawk cwar;Unit #114;1;5
TAW_CSARz_PALACE_3.6136;7/05/2017;1:39:25;PL12;;HIT_SCORE;Red;Plane;AJS37;Pilot #110;Blue;Vehicle;Soldier M249;Unit #453;1;1
TAW_CSARz_PALACE_3.6136;7/05/2017;12:14:30;PL1;PL2;DESTROY_PENALTY;Blue;Plane;F-15C;Pilot #069;Blue;Plane;F-15C;Pilot #071;1;-15
TAW_CSARz_PALACE_3.6136;7/05/2017;12:40:14;PL3;PL4;HIT_SCORE;Blue;Plane;F-15C;Pilot #018;Red;Plane;AJS37;Pilot #112;1;1
TAW_CSARz_PALACE_3.6136;7/05/2017;1:25:22;PL5;;HIT_PENALTY;Red;Helicopter;Ka-50;MEDEVAC RED #13;Red;Vehicle;Infantry AK;Wounded Pilot #1143;1;-10
TAW_CSARz_PALACE_3.6136;7/05/2017;1:18:34;PL6;;DESTROY_SCORE;Red;Plane;A-10C;Pilot #056;Blue;Vehicle;M-2 Bradley;Unit #007;1;3
TAW_CSARz_PALACE_3.6136;7/05/2017;1:21:35;PL7;PL2;HIT_SCORE;Red;Plane;M-2000C;Pilot #037;Blue;Plane;F-15C;Pilot #071;1;1
TAW_CSARz_PALACE_3.6136;7/05/2017;12:46:42;PL8;;HIT_SCORE;Red;Plane;Su-25T;Pilot #058;Blue;Vehicle;Strela-1 9P31;Unit #429;1;1
TAW_CSARz_PALACE_3.6136;7/05/2017;12:30:09;PL9;PL10;DESTROY_SCORE;Blue;Plane;F-15C;Pilot #017;Red;Plane;Su-27;Pilot #039;1;5
TAW_CSARz_PALACE_3.6136;7/05/2017;12:22:46;PL11;;HIT_SCORE;Red;;;;;Scenery;Infantry AK;Wounded Pilot #1129;1;0
TAW_CSARz_PALACE_3.6136;7/05/2017;1:11:46;PL6;;DESTROY_SCORE;Red;Plane;A-10C;Pilot #056;Blue;Vehicle;MLRS;Unit #011;1;2
TAW_CSARz_PALACE_3.6136;7/05/2017;12:53:10;PL11;;HIT_SCORE;Red;Plane;A-10C;Pilot #054;Blue;Vehicle;MLRS;Unit #510;1;1
TAW_CSARz_PALACE_3.6136;7/05/2017;12:10:54;PL12;;HIT_SCORE;Red;;;;;Scenery;UKRYTIE;280468;1;0
TAW_CSARz_PALACE_3.6136;7/05/2017;1:09:28;PL13;PL9;HIT_SCORE;Red;Plane;Su-27;Pilot #086;Blue;Plane;F-15C;Pilot #017;1;1
TAW_CSARz_PALACE_3.6136;7/05/2017;12:52:59;PL13;PL14;HIT_SCORE;Red;Plane;Su-27;Pilot #086;Blue;Plane;M-2000C;Pilot #030;1;1
TAW_CSARz_PALACE_3.6136;7/05/2017;1:39:27;PL12;;DESTROY_SCORE;Red;Plane;AJS37;Pilot #110;Blue;Vehicle;Soldier stinger;Unit #454;1;4
TAW_CSARz_PALACE_3.6136;7/05/2017;12:53:21;PL11;;DESTROY_SCORE;Red;Plane;A-10C;Pilot #054;Blue;Vehicle;MLRS;Unit #510;1;2
TAW_CSARz_PALACE_3.6136;7/05/2017;12:51:37;PL15;PL9;HIT_SCORE;Red;Plane;Su-27;Pilot #041;Blue;Plane;F-15C;Pilot #017;1;1
TAW_CSARz_PALACE_3.6136;7/05/2017;1:22:05;PL16;PL2;DESTROY_SCORE;Red;Plane;Su-27;Pilot #044;Blue;Plane;F-15C;Pilot #071;1;3
TAW_CSARz_PALACE_3.6136;7/05/2017;12:22:28;PL6;PL3;HIT_SCORE;Red;Plane;A-10C;Pilot #056;Blue;Plane;F-15C;Pilot #018;1;1
TAW_CSARz_PALACE_3.6136;7/05/2017;12:38:21;PL17;PL18;HIT_SCORE;Blue;Plane;M-2000C;Pilot #029;Red;Plane;Su-25T;Pilot #059;1;1
TAW_CSARz_PALACE_3.6136;7/05/2017;1:14:34;PL7;PL17;DESTROY_SCORE;Red;Plane;M-2000C;Pilot #037;Blue;Plane;M-2000C;Pilot #029;1;2,5
TAW_CSARz_PALACE_3.6136;7/05/2017;12:21:22;PL19;PL20;HIT_SCORE;Blue;Plane;F-15C;Pilot #024;Red;Plane;A-10C;Pilot #057;1;1
TAW_CSARz_PALACE_3.6136;7/05/2017;12:24:21;PL5;PL21;HIT_PENALTY;Red;Helicopter;Mi-8MT;MEDEVAC RED #10;Red;Helicopter;SA342Mistral;helicargo4;1;-10
TAW_CSARz_PALACE_3.6136;7/05/2017;12:21:36;PL6;PL19;HIT_SCORE;Red;Plane;A-10C;Pilot #056;Blue;Plane;F-15C;Pilot #024;1;1
TAW_CSARz_PALACE_3.6136;7/05/2017;12:21:51;PL6;PL19;DESTROY_SCORE;Red;Plane;A-10C;Pilot #056;Blue;Plane;F-15C;Pilot #024;1;6
TAW_CSARz_PALACE_3.6136;7/05/2017;12:21:14;PL19;PL20;HIT_SCORE;Blue;Plane;F-15C;Pilot #024;Red;Plane;A-10C;Pilot #057;1;1
TAW_CSARz_PALACE_3.6136;7/05/2017;12:13:59;PL2;;HIT_SCORE;Blue;;;;;Scenery;F-15C;Pilot #069;1;0
TAW_CSARz_PALACE_3.6136;7/05/2017;12:48:55;PL11;;DESTROY_SCORE;Red;Plane;A-10C;Pilot #054;Blue;Vehicle;M-1 Abrams;Unit #514;1;3
TAW_CSARz_PALACE_3.6136;7/05/2017;12:22:48;PL6;PL3;DESTROY_SCORE;Red;;;;Blue;Plane;F-15C;Pilot #018;1;6
TAW_CSARz_PALACE_3.6136;7/05/2017;1:18:19;PL6;;HIT_SCORE;Red;Plane;A-10C;Pilot #056;Blue;Vehicle;M-2 Bradley;Unit #007;1;1
TAW_CSARz_PALACE_3.6136;7/05/2017;1:25:19;PL5;;HIT_PENALTY;Red;Helicopter;Ka-50;MEDEVAC RED #13;Red;Vehicle;Infantry AK;Wounded Pilot #1143;1;-10
TAW_CSARz_PALACE_3.6136;7/05/2017;12:22:12;PL9;PL20;HIT_SCORE;Blue;Plane;F-15C;Pilot #017;Red;Plane;A-10C;Pilot #057;1;1
TAW_CSARz_PALACE_3.6136;7/05/2017;12:51:35;PL15;PL9;HIT_SCORE;Red;Plane;Su-27;Pilot #041;Blue;Plane;F-15C;Pilot #017;1;1
TAW_CSARz_PALACE_3.6136;7/05/2017;1:19:18;PL6;;HIT_SCORE;Red;Plane;A-10C;Pilot #056;Blue;Vehicle;M-113;Unit #006;1;1
TAW_CSARz_PALACE_3.6136;7/05/2017;12:54:22;PL1;PL13;HIT_SCORE;Blue;Plane;F-15C;Pilot #069;Red;Plane;Su-27;Pilot #086;1;1
TAW_CSARz_PALACE_3.6136;7/05/2017;1:37:18;PL11;;DESTROY_SCORE;Red;Plane;A-10C;Pilot #054;Blue;Vehicle;Osa 9A33 ln;Unit #218;1;5
TAW_CSARz_PALACE_3.6136;7/05/2017;1:21:14;PL16;PL1;DESTROY_SCORE;Red;Plane;Su-27;Pilot #044;Blue;Plane;F-15C;Pilot #069;1;5
TAW_CSARz_PALACE_3.6136;7/05/2017;12:55:00;PL11;;HIT_SCORE;Red;Plane;A-10C;Pilot #054;Blue;Vehicle;M1128 Stryker MGS;Unit #010;1;1
TAW_CSARz_PALACE_3.6136;7/05/2017;12:22:13;PL9;PL20;HIT_SCORE;Blue;Plane;F-15C;Pilot #017;Red;Plane;A-10C;Pilot #057;1;1
TAW_CSARz_PALACE_3.6136;7/05/2017;1:19:55;PL2;PL18;HIT_SCORE;Blue;Plane;F-15C;Pilot #071;Red;Plane;Su-25T;Pilot #059;1;1
TAW_CSARz_PALACE_3.6136;7/05/2017;1:14:34;PL16;PL17;DESTROY_SCORE;Red;Plane;Su-27;Pilot #044;Blue;Plane;M-2000C;Pilot #029;1;2,5
TAW_CSARz_PALACE_3.6136;7/05/2017;12:46:42;PL11;;HIT_SCORE;Red;Plane;A-10C;Pilot #054;Blue;Vehicle;Soldier M4;Unit #470;1;1
TAW_CSARz_PALACE_3.6136;7/05/2017;1:11:46;PL6;;HIT_SCORE;Red;Plane;A-10C;Pilot #056;Blue;Vehicle;MLRS;Unit #011;1;1
TAW_CSARz_PALACE_3.6136;7/05/2017;12:21:20;PL19;PL20;HIT_SCORE;Blue;Plane;F-15C;Pilot #024;Red;Plane;A-10C;Pilot #057;1;1
TAW_CSARz_PALACE_3.6136;7/05/2017;1:10:01;PL6;PL3;HIT_SCORE;Red;Plane;A-10C;Pilot #056;Blue;Plane;F-15C;Pilot #018;1;1
TAW_CSARz_PALACE_3.6136;7/05/2017;12:38:22;PL18;PL17;DESTROY_SCORE;Red;Plane;Su-25T;Pilot #059;Blue;Plane;M-2000C;Pilot #029;1;5
TAW_CSARz_PALACE_3.6136;7/05/2017;12:46:25;PL6;;HIT_SCORE;Red;Plane;A-10C;Pilot #056;Blue;Vehicle;M-2 Bradley;Unit #007;1;1
TAW_CSARz_PALACE_3.6136;7/05/2017;1:19:53;PL24;PL18;HIT_SCORE;Blue;Plane;F-15C;Pilot #033;Red;Plane;Su-25T;Pilot #059;1;1
TAW_CSARz_PALACE_3.6136;7/05/2017;12:51:55;PL15;PL9;DESTROY_SCORE;Red;Plane;Su-27;Pilot #041;Blue;Plane;F-15C;Pilot #017;1;5
TAW_CSARz_PALACE_3.6136;7/05/2017;12:48:11;PL2;PL10;DESTROY_SCORE;Blue;Plane;F-15C;Pilot #071;Red;Plane;Su-27;Pilot #039;1;5
TAW_CSARz_PALACE_3.6136;7/05/2017;1:39:25;PL12;;DESTROY_SCORE;Red;Plane;AJS37;Pilot #110;Blue;Vehicle;Soldier M249;X33;1;1
TAW_CSARz_PALACE_3.6136;7/05/2017;1:13:13;PL6;;DESTROY_SCORE;Red;Plane;A-10C;Pilot #056;Blue;Vehicle;M-1 Abrams;Unit #009;1;3
TAW_CSARz_PALACE_3.6136;7/05/2017;1:17:07;PL6;;HIT_SCORE;Red;Plane;A-10C;Pilot #056;Blue;Vehicle;M-2 Bradley;Unit #007;1;1
TAW_CSARz_PALACE_3.6136;7/05/2017;12:18:29;PL19;PL18;HIT_SCORE;Blue;Plane;F-15C;Pilot #024;Red;Plane;Su-25T;Pilot #059;1;1
TAW_CSARz_PALACE_3.6136;7/05/2017;1:22:05;PL16;PL2;HIT_SCORE;Red;Plane;Su-27;Pilot #044;Blue;Plane;F-15C;Pilot #071;1;1
TAW_CSARz_PALACE_3.6136;7/05/2017;12:22:26;PL19;PL20;DESTROY_SCORE;Blue;Plane;F-15C;Pilot #024;Red;Plane;A-10C;Pilot #057;1;2
TAW_CSARz_PALACE_3.6136;7/05/2017;12:55:13;PL6;;DESTROY_SCORE;Red;Plane;A-10C;Pilot #056;Blue;Vehicle;M1128 Stryker MGS;Unit #010;1;1,5
TAW_CSARz_PALACE_3.6136;7/05/2017;12:55:54;PL11;;HIT_SCORE;Red;Plane;A-10C;Pilot #054;Blue;Vehicle;AAV7;Unit #005;1;1
TAW_CSARz_PALACE_3.6136;7/05/2017;12:21:26;PL6;PL19;HIT_SCORE;Red;Plane;A-10C;Pilot #056;Blue;Plane;F-15C;Pilot #024;1;1
TAW_CSARz_PALACE_3.6136;7/05/2017;1:09:27;PL3;PL13;HIT_SCORE;Blue;Plane;F-15C;Pilot #018;Red;Plane;Su-27;Pilot #086;1;1
TAW_CSARz_PALACE_3.6136;7/05/2017;12:57:05;PL15;PL1;DESTROY_SCORE;Red;Plane;Su-27;Pilot #041;Blue;Plane;F-15C;Pilot #069;1;5
TAW_CSARz_PALACE_3.6136;7/05/2017;12:53:23;PL11;;DESTROY_SCORE;Red;Plane;A-10C;Pilot #054;Blue;Vehicle;MLRS;Unit #511;1;2
TAW_CSARz_PALACE_3.6136;7/05/2017;12:47:44;PL16;PL26;HIT_SCORE;Red;Plane;Su-27;Pilot #044;Blue;Plane;F-15C;Pilot #068;1;1
TAW_CSARz_PALACE_3.6136;7/05/2017;12:40:04;PL19;PL12;HIT_SCORE;Blue;Plane;F-15C;Pilot #024;Red;Plane;AJS37;Pilot #110;1;1
TAW_CSARz_PALACE_3.6136;7/05/2017;1:41:24;PL20;;DESTROY_SCORE;Red;Plane;A-10C;Pilot #057;Blue;Vehicle;Soldier M4;X36;1;1
TAW_CSARz_PALACE_3.6136;7/05/2017;1:07:56;PL6;;HIT_SCORE;Red;Plane;A-10C;Pilot #056;Blue;Vehicle;M-109;Unit #512;1;1
TAW_CSARz_PALACE_3.6136;7/05/2017;1:41:24;PL20;;DESTROY_SCORE;Red;Plane;A-10C;Pilot #057;Blue;Vehicle;Soldier M249;Unit #310;1;1
TAW_CSARz_PALACE_3.6136;7/05/2017;1:39:25;PL12;;HIT_SCORE;Red;Plane;AJS37;Pilot #110;Blue;Vehicle;Soldier M4;Unit #450;1;1
TAW_CSARz_PALACE_3.6136;7/05/2017;12:46:45;PL11;;DESTROY_SCORE;Red;Plane;A-10C;Pilot #054;Blue;Vehicle;Soldier M4;Unit #469;1;1
TAW_CSARz_PALACE_3.6136;7/05/2017;12:54:26;PL1;PL13;DESTROY_SCORE;Blue;Plane;F-15C;Pilot #069;Red;Plane;Su-27;Pilot #086;1;5
TAW_CSARz_PALACE_3.6136;7/05/2017;12:13:29;PL4;;DESTROY_SCORE;Red;Plane;AJS37;Pilot #112;Blue;Structure;Warehouse;AMMO SENAKI;1;50
TAW_CSARz_PALACE_3.6136;7/05/2017;12:56:32;PL11;;HIT_SCORE;Red;Plane;A-10C;Pilot #054;Blue;Vehicle;M-109;Unit #014;1;1
TAW_CSARz_PALACE_3.6136;7/05/2017;12:55:49;PL16;PL2;HIT_SCORE;Red;Plane;Su-27;Pilot #044;Blue;Plane;F-15C;Pilot #071;1;1
TAW_CSARz_PALACE_3.6136;7/05/2017;1:17:00;PL6;;DESTROY_SCORE;Red;Plane;A-10C;Pilot #056;Blue;Vehicle;Vulcan;Unit #004;1;4
TAW_CSARz_PALACE_3.6136;7/05/2017;12:47:55;PL10;PL19;HIT_SCORE;Red;Plane;Su-27;Pilot #039;Blue;Plane;F-15C;Pilot #024;1;1
TAW_CSARz_PALACE_3.6136;7/05/2017;12:29:20;PL9;PL10;HIT_SCORE;Blue;Plane;F-15C;Pilot #017;Red;Plane;Su-27;Pilot #039;1;1
TAW_CSARz_PALACE_3.6136;7/05/2017;12:46:45;PL11;;DESTROY_SCORE;Red;Plane;A-10C;Pilot #054;Blue;Vehicle;Soldier M4;Unit #470;1;1
TAW_CSARz_PALACE_3.6136;7/05/2017;12:54:58;PL11;;HIT_SCORE;Red;Plane;A-10C;Pilot #054;Blue;Vehicle;AAV7;Unit #005;1;1
TAW_CSARz_PALACE_3.6136;7/05/2017;12:48:15;PL11;;DESTROY_SCORE;Red;Plane;A-10C;Pilot #054;Blue;Vehicle;Vulcan;Unit #503;1;4
TAW_CSARz_PALACE_3.6136;7/05/2017;1:22:05;PL7;PL2;DESTROY_SCORE;Red;Plane;M-2000C;Pilot #037;Blue;Plane;F-15C;Pilot #071;1;3
TAW_CSARz_PALACE_3.6136;7/05/2017;1:19:55;PL24;PL18;HIT_SCORE;Blue;Plane;F-15C;Pilot #033;Red;Plane;Su-25T;Pilot #059;1;1
TAW_CSARz_PALACE_3.6136;7/05/2017;1:45:32;PL7;;DESTROY_SCORE;Red;Plane;M-2000C;Pilot #037;Blue;Structure;Windsock;logistic10;1;1
TAW_CSARz_PALACE_3.6136;7/05/2017;1:41:22;PL20;;HIT_SCORE;Red;Plane;A-10C;Pilot #057;Blue;Vehicle;Soldier M4;Unit #308;1;1
TAW_CSARz_PALACE_3.6136;7/05/2017;12:47:30;;;CAPTURE KOBULETI;Red;;;;NA;NA;NA;NA;1;50
TAW_CSARz_PALACE_3.6136;7/05/2017;12:55:13;PL11;;DESTROY_SCORE;Red;Plane;A-10C;Pilot #054;Blue;Vehicle;M1128 Stryker MGS;Unit #010;1;1,5
TAW_CSARz_PALACE_3.6136;7/05/2017;1:20:05;PL17;PL18;DESTROY_SCORE;Blue;;;;Red;Plane;Su-25T;Pilot #059;1;1,67
TAW_CSARz_PALACE_3.6136;7/05/2017;1:22:42;PL23;PL22;HIT_SCORE;Red;Plane;M-2000C;Pilot #038;Blue;Plane;F-15C;Pilot #070;1;1
TAW_CSARz_PALACE_3.6136;7/05/2017;12:46:42;PL11;;HIT_SCORE;Red;Plane;A-10C;Pilot #054;Blue;Vehicle;Soldier M4;Unit #469;1;1
TAW_CSARz_PALACE_3.6136;7/05/2017;12:37:08;PL18;;DESTROY_SCORE;Red;Plane;Su-25T;Pilot #059;Blue;Vehicle;Hawk sr;Unit #118;1;5
TAW_CSARz_PALACE_3.6136;7/05/2017;12:40:12;PL19;PL12;DESTROY_SCORE;Blue;Plane;F-15C;Pilot #024;Red;Plane;AJS37;Pilot #110;1;4
TAW_CSARz_PALACE_3.6136;7/05/2017;12:50:48;PL20;;DESTROY_SCORE;Red;Plane;A-10C;Pilot #057;Blue;Vehicle;Vulcan;Unit #095;1;4
TAW_CSARz_PALACE_3.6136;7/05/2017;1:45:31;PL7;;HIT_SCORE;Red;Plane;M-2000C;Pilot #037;Blue;Vehicle;outpost;outpost1;1;1
TAW_CSARz_PALACE_3.6136;7/05/2017;1:25:15;PL5;;HIT_PENALTY;Red;Helicopter;Ka-50;MEDEVAC RED #13;Red;Vehicle;Infantry AK;Wounded Pilot #1143;1;-10
TAW_CSARz_PALACE_3.6136;7/05/2017;12:13:29;PL4;;HIT_SCORE;Red;;;;;Scenery;Warehouse;AMMO SENAKI;1;0
TAW_CSARz_PALACE_3.6136;7/05/2017;1:20:05;PL2;PL18;DESTROY_SCORE;Blue;Plane;F-15C;Pilot #071;Red;Plane;Su-25T;Pilot #059;1;1,67
TAW_CSARz_PALACE_3.6136;7/05/2017;1:45:32;PL7;;HIT_SCORE;Red;;;;;Scenery;Windsock;logistic10;1;0
TAW_CSARz_PALACE_3.6136;7/05/2017;1:39:25;PL12;;HIT_SCORE;Red;Plane;AJS37;Pilot #110;Blue;Vehicle;Soldier M249;X33;1;1
TAW_CSARz_PALACE_3.6136;7/05/2017;12:52:37;PL11;;HIT_SCORE;Red;Plane;A-10C;Pilot #054;Blue;Vehicle;Vulcan;Unit #508;1;1
TAW_CSARz_PALACE_3.6136;7/05/2017;12:47:58;PL2;PL10;HIT_SCORE;Blue;Plane;F-15C;Pilot #071;Red;Plane;Su-27;Pilot #039;1;1
TAW_CSARz_PALACE_3.6136;7/05/2017;12:56:35;PL15;PL1;HIT_SCORE;Red;Plane;Su-27;Pilot #041;Blue;Plane;F-15C;Pilot #069;1;1
TAW_CSARz_PALACE_3.6136;7/05/2017;1:41:25;PL20;;DESTROY_SCORE;Red;Plane;A-10C;Pilot #057;Blue;Vehicle;Soldier M4;Unit #308;1;1
TAW_CSARz_PALACE_3.6136;7/05/2017;12:32:57;PL9;PL25;DESTROY_SCORE;Blue;Plane;F-15C;Pilot #017;Red;Plane;Su-27;Pilot #043;1;5
TAW_CSARz_PALACE_3.6136;7/05/2017;1:18:23;PL6;;HIT_SCORE;Red;Plane;A-10C;Pilot #056;Blue;Vehicle;M-2 Bradley;Unit #007;1;1
TAW_CSARz_PALACE_3.6136;7/05/2017;1:21:14;PL16;PL1;HIT_SCORE;Red;Plane;Su-27;Pilot #044;Blue;Plane;F-15C;Pilot #069;1;1
TAW_CSARz_PALACE_3.6136;7/05/2017;12:22:47;PL9;PL6;DESTROY_SCORE;Blue;Plane;F-15C;Pilot #017;Red;Plane;A-10C;Pilot #056;1;2
TAW_CSARz_PALACE_3.6136;7/05/2017;12:23:16;PL5;PL5;HIT_PENALTY;Red;Helicopter;Mi-8MT;MEDEVAC RED #10;Red;Helicopter;Mi-8MT;MEDEVAC RED #10;1;-10
TAW_CSARz_PALACE_3.6136;7/05/2017;12:21:03;PL19;PL6;HIT_SCORE;Blue;Plane;F-15C;Pilot #024;Red;Plane;A-10C;Pilot #056;1;1
TAW_CSARz_PALACE_3.6136;7/05/2017;12:46:24;PL6;;HIT_SCORE;Red;Plane;A-10C;Pilot #056;Blue;Vehicle;M-2 Bradley;Unit #007;1;1
TAW_CSARz_PALACE_3.6136;7/05/2017;12:21:17;PL11;PL27;HIT_SCORE;Red;Plane;A-10C;Pilot #054;Blue;Plane;F-15C;Pilot #025;1;1
TAW_CSARz_PALACE_3.6136;7/05/2017;1:18:22;PL6;;HIT_SCORE;Red;Plane;A-10C;Pilot #056;Blue;Vehicle;M-2 Bradley;Unit #007;1;1
TAW_CSARz_PALACE_3.6136;7/05/2017;12:52:37;PL11;;DESTROY_SCORE;Red;Plane;A-10C;Pilot #054;Blue;Vehicle;Vulcan;Unit #508;1;4
TAW_CSARz_PALACE_3.6136;7/05/2017;1:19:30;PL6;;DESTROY_SCORE;Red;Plane;A-10C;Pilot #056;Blue;Vehicle;M-113;Unit #006;1;2
TAW_CSARz_PALACE_3.6136;7/05/2017;1:41:22;PL20;;HIT_SCORE;Red;Plane;A-10C;Pilot #057;Blue;Vehicle;Soldier M249;Unit #310;1;1
TAW_CSARz_PALACE_3.6136;7/05/2017;12:22:46;PL9;PL11;DESTROY_SCORE;Blue;Plane;F-15C;Pilot #017;Red;Plane;A-10C;Pilot #054;1;4
TAW_CSARz_PALACE_3.6136;7/05/2017;12:36:57;PL18;;HIT_SCORE;Red;Plane;Su-25T;Pilot #059;Blue;Vehicle;Hawk sr;Unit #118;1;1
TAW_CSARz_PALACE_3.6136;7/05/2017;1:41:22;PL20;;HIT_SCORE;Red;Plane;A-10C;Pilot #057;Blue;Vehicle;Soldier M249;Unit #311;1;1
TAW_CSARz_PALACE_3.6136;7/05/2017;12:22:26;PL11;;HIT_SCORE;Red;;;;;Scenery;KAZARMA2;270090725;1;0
TAW_CSARz_PALACE_3.6136;7/05/2017;1:37:07;PL11;;HIT_SCORE;Red;Plane;A-10C;Pilot #054;Blue;Vehicle;Osa 9A33 ln;Unit #218;1;1
TAW_CSARz_PALACE_3.6136;7/05/2017;12:18:46;;;CAPTURE KUTAISI;Red;;;;NA;NA;NA;NA;1;50
TAW_CSARz_PALACE_3.6136;7/05/2017;12:33:20;PL9;PL15;HIT_SCORE;Blue;Plane;F-15C;Pilot #017;Red;Plane;Su-27;Pilot #041;1;1
TAW_CSARz_PALACE_3.6136;7/05/2017;1:10:10;PL6;PL3;DESTROY_SCORE;Red;Plane;A-10C;Pilot #056;Blue;Plane;F-15C;Pilot #018;1;6
TAW_CSARz_PALACE_3.6136;7/05/2017;1:13:23;PL6;;DESTROY_SCORE;Red;Plane;A-10C;Pilot #056;Blue;Vehicle;M-2 Bradley;Unit #008;1;3
TAW_CSARz_PALACE_3.6136;7/05/2017;12:56:08;PL11;PL26;DESTROY_SCORE;Red;Plane;A-10C;Pilot #054;Blue;Plane;F-15C;Pilot #025;1;6
TAW_CSARz_PALACE_3.6136;7/05/2017;1:14:23;PL7;PL17;HIT_SCORE;Red;Plane;M-2000C;Pilot #037;Blue;Plane;M-2000C;Pilot #029;1;1
TAW_CSARz_PALACE_3.6136;7/05/2017;12:22:47;PL19;PL6;DESTROY_SCORE;Blue;Plane;F-15C;Pilot #024;Red;Plane;A-10C;Pilot #056;1;2
TAW_CSARz_PALACE_3.6136;7/05/2017;12:50:37;PL20;;HIT_SCORE;Red;Plane;A-10C;Pilot #057;Blue;Vehicle;Vulcan;Unit #015;1;1
TAW_CSARz_PALACE_3.6136;7/05/2017;12:22:26;PL9;PL20;DESTROY_SCORE;Blue;Plane;F-15C;Pilot #017;Red;Plane;A-10C;Pilot #057;1;2
TAW_CSARz_PALACE_3.6136;7/05/2017;12:57:05;PL2;PL1;DESTROY_PENALTY;Blue;Plane;F-15C;Pilot #071;Blue;Plane;F-15C;Pilot #069;1;-15
TAW_CSARz_PALACE_3.6136;7/05/2017;12:56:44;PL11;;DESTROY_SCORE;Red;Plane;A-10C;Pilot #054;Blue;Vehicle;M-109;Unit #014;1;2
TAW_CSARz_PALACE_3.6136;7/05/2017;12:22:36;PL9;PL6;HIT_SCORE;Blue;Plane;F-15C;Pilot #017;Red;Plane;A-10C;Pilot #056;1;1
TAW_CSARz_PALACE_3.6136;7/05/2017;12:53:12;PL11;;HIT_SCORE;Red;Plane;A-10C;Pilot #054;Blue;Vehicle;MLRS;Unit #511;1;1
TAW_CSARz_PALACE_3.6136;7/05/2017;12:47:56;PL20;;DESTROY_SCORE;Red;Plane;A-10C;Pilot #057;Blue;Vehicle;M-109;Unit #013;1;2
TAW_CSARz_PALACE_3.6136;7/05/2017;12:22:37;PL9;PL6;HIT_SCORE;Blue;Plane;F-15C;Pilot #017;Red;Plane;A-10C;Pilot #056;1;1
TAW_CSARz_PALACE_3.6136;7/05/2017;12:48:04;PL11;;HIT_SCORE;Red;Plane;A-10C;Pilot #054;Blue;Vehicle;M-113;Unit #505;1;1
TAW_CSARz_PALACE_3.6136;7/05/2017;1:13:23;PL6;;HIT_SCORE;Red;Plane;A-10C;Pilot #056;Blue;Vehicle;M-2 Bradley;Unit #008;1;1
TAW_CSARz_PALACE_3.6136;7/05/2017;12:46:42;PL11;;DESTROY_SCORE;Red;Plane;A-10C;Pilot #054;Blue;Vehicle;Vulcan;Unit #515;1;4
TAW_CSARz_PALACE_3.6136;7/05/2017;12:38:22;PL18;;HIT_SCORE;Red;;;;;Scenery;M-2000C;Pilot #029;1;0
TAW_CSARz_PALACE_3.6136;7/05/2017;1:09:28;PL13;PL9;DESTROY_SCORE;Red;Plane;Su-27;Pilot #086;Blue;Plane;F-15C;Pilot #017;1;5
TAW_CSARz_PALACE_3.6136;7/05/2017;12:13:29;PL4;;DESTROY_SCORE;Red;Plane;AJS37;Pilot #112;Blue;Structure;Warehouse;AMMO SENAKI;1;50
TAW_CSARz_PALACE_3.6136;7/05/2017;12:48:49;PL28;;HIT_SCORE;;;;;;Scenery;Ural-4320T;Unit #150;1;0
TAW_CSARz_PALACE_3.6136;7/05/2017;12:40:22;PL3;PL4;DESTROY_SCORE;Blue;Plane;F-15C;Pilot #018;Red;Plane;AJS37;Pilot #112;1;4
TAW_CSARz_PALACE_3.6136;7/05/2017;1:39:25;PL12;;DESTROY_SCORE;Red;Plane;AJS37;Pilot #110;Blue;Vehicle;Soldier M4;Unit #450;1;1
TAW_CSARz_PALACE_3.6136;7/05/2017;1:14:24;PL16;PL17;HIT_SCORE;Red;Plane;Su-27;Pilot #044;Blue;Plane;M-2000C;Pilot #029;1;1
TAW_CSARz_PALACE_3.6136;7/05/2017;12:48:04;PL11;;HIT_SCORE;Red;Plane;A-10C;Pilot #054;Blue;Vehicle;Vulcan;Unit #503;1;1
TAW_CSARz_PALACE_3.6136;7/05/2017;12:00:00;;;CAPTURE GUDAUTA;Blue;;;;NA;NA;NA;NA;1;50
TAW_CSARz_PALACE_3.6136;7/05/2017;1:39:25;PL12;;HIT_SCORE;Red;Plane;AJS37;Pilot #110;Blue;Vehicle;Soldier stinger;Unit #454;1;1
TAW_CSARz_PALACE_3.6136;7/05/2017;1:13:13;PL6;;HIT_SCORE;Red;Plane;A-10C;Pilot #056;Blue;Vehicle;M-1 Abrams;Unit #009;1;1
TAW_CSARz_PALACE_3.6136;7/05/2017;12:46:42;PL8;;DESTROY_SCORE;Red;Plane;Su-25T;Pilot #058;Blue;Vehicle;Strela-1 9P31;Unit #429;1;4
TAW_CSARz_PALACE_3.6136;7/05/2017;12:56:06;PL11;;DESTROY_SCORE;Red;Plane;A-10C;Pilot #054;Blue;Vehicle;AAV7;Unit #005;1;2
TAW_CSARz_PALACE_3.6136;7/05/2017;12:48:55;PL11;;HIT_SCORE;Red;Plane;A-10C;Pilot #054;Blue;Vehicle;M-1 Abrams;Unit #514;1;1
TAW_CSARz_PALACE_3.6136;7/05/2017;12:53:06;PL20;;DESTROY_SCORE;Red;Plane;A-10C;Pilot #057;Blue;Vehicle;MLRS;Unit #012;1;2
TAW_CSARz_PALACE_3.6136;7/05/2017;12:13:59;PL1;;HIT_SCORE;Blue;;;;;Scenery;F-15C;Pilot #071;1;0
TAW_CSARz_PALACE_3.6136;7/05/2017;1:25:17;PL5;;HIT_PENALTY;Red;Helicopter;Ka-50;MEDEVAC RED #13;Red;Vehicle;Infantry AK;Wounded Pilot #1143;1;-10
TAW_CSARz_PALACE_3.6136;7/05/2017;1:39:25;PL12;;HIT_SCORE;Red;Plane;AJS37;Pilot #110;Blue;Vehicle;Soldier M4;Unit #451;1;1
TAW_CSARz_PALACE_3.6136;7/05/2017;1:25:20;PL5;;HIT_PENALTY;Red;Helicopter;Ka-50;MEDEVAC RED #13;Red;Vehicle;Infantry AK;Wounded Pilot #1143;1;-10
TAW_CSARz_PALACE_3.6136;7/05/2017;12:53:14;PL13;PL14;DESTROY_SCORE;Red;Plane;Su-27;Pilot #086;Blue;Plane;M-2000C;Pilot #030;1;5
TAW_CSARz_PALACE_3.6136;7/05/2017;12:50:48;PL20;;HIT_SCORE;Red;Plane;A-10C;Pilot #057;Blue;Vehicle;Vulcan;Unit #095;1;1
TAW_CSARz_PALACE_3.6136;7/05/2017;1:45:31;PL7;;DESTROY_SCORE;Red;Plane;M-2000C;Pilot #037;Blue;Vehicle;outpost;outpost1;1;1
TAW_CSARz_PALACE_3.6136;7/05/2017;1:39:25;PL12;;HIT_SCORE;Red;Plane;AJS37;Pilot #110;Blue;Vehicle;outpost;outpost2;1;1
TAW_CSARz_PALACE_3.6136;7/05/2017;12:19:37;PL8;;HIT_SCORE;Red;Plane;Su-25T;Pilot #058;Blue;Vehicle;Hawk cwar;Unit #114;1;1
TAW_CSARz_PALACE_3.6136;7/05/2017;12:18:36;PL19;PL18;DESTROY_SCORE;Blue;Plane;F-15C;Pilot #024;Red;Plane;Su-25T;Pilot #059;1;4
TAW_CSARz_PALACE_3.6136;7/05/2017;1:07:56;PL6;;DESTROY_SCORE;Red;Plane;A-10C;Pilot #056;Blue;Vehicle;M-109;Unit #512;1;2
TAW_CSARz_PALACE_3.6136;7/05/2017;1:39:25;;;SEALS 4;Blue;;;;NA;NA;NA;NA;1;50
TAW_CSARz_PALACE_3.6136;7/05/2017;1:39:19;PL12;;HIT_SCORE;Red;;;;;Scenery;BLK_LIGHT_POLE;269633408;1;0
TAW_CSARz_PALACE_3.6136;7/05/2017;1:41:24;PL20;;DESTROY_SCORE;Red;Plane;A-10C;Pilot #057;Blue;Vehicle;Soldier M249;Unit #311;1;1
TAW_CSARz_PALACE_3.6136;7/05/2017;1:20:05;PL24;PL18;DESTROY_SCORE;Blue;Plane;F-15C;Pilot #033;Red;Plane;Su-25T;Pilot #059;1;1,67
TAW_CSARz_PALACE_3.6136;7/05/2017;12:46:42;PL11;;HIT_SCORE;Red;Plane;A-10C;Pilot #054;Blue;Vehicle;Vulcan;Unit #515;1;1
TAW_CSARz_PALACE_3.6136;7/05/2017;1:09:37;PL3;PL13;DESTROY_SCORE;Blue;Plane;F-15C;Pilot #018;Red;Plane;Su-27;Pilot #086;1;5
TAW_CSARz_PALACE_3.6136;7/05/2017;12:48:04;PL11;;HIT_SCORE;Red;;;;;Scenery;BLK_LIGHT_POLE;269963637;1;0
TAW_CSARz_PALACE_3.6136;7/05/2017;1:41:24;;;SEALS 1;Blue;;;;NA;NA;NA;NA;1;50
TAW_CSARz_PALACE_3.6136;7/05/2017;12:11:14;PL4;;HIT_SCORE;Red;;;;;Scenery;UKRYTIE;280476;1;0
TAW_CSARz_PALACE_3.6136;7/05/2017;12:53:06;PL20;;HIT_SCORE;Red;Plane;A-10C;Pilot #057;Blue;Vehicle;MLRS;Unit #012;1;1
TAW_CSARz_PALACE_3.6136;7/05/2017;12:32:54;PL9;PL25;HIT_SCORE;Blue;Plane;F-15C;Pilot #017;Red;Plane;Su-27;Pilot #043;1;1
TAW_CSARz_PALACE_3.6136;7/05/2017;12:55:01;PL11;;HIT_SCORE;Red;Plane;A-10C;Pilot #054;Blue;Vehicle;M1128 Stryker MGS;Unit #010;1;1
TAW_CSARz_PALACE_3.6136;7/05/2017;1:39:25;PL12;;DESTROY_SCORE;Red;Plane;AJS37;Pilot #110;Blue;Vehicle;Soldier M4;Unit #451;1;1
TAW_CSARz_PALACE_3.6136;7/05/2017;12:47:56;PL20;;HIT_SCORE;Red;Plane;A-10C;Pilot #057;Blue;Vehicle;M-109;Unit #013;1;1
TAW_CSARz_PALACE_3.6136;7/05/2017;12:18:25;PL19;PL18;HIT_SCORE;Blue;Plane;F-15C;Pilot #024;Red;Plane;Su-25T;Pilot #059;1;1
TAW_CSARz_PALACE_3.6136;7/05/2017;1:41:22;PL20;;HIT_SCORE;Red;Plane;A-10C;Pilot #057;Blue;Vehicle;Soldier M4;X36;1;1
TAW_CSARz_PALACE_3.6136;7/05/2017;12:18:24;PL19;PL18;HIT_SCORE;Blue;Plane;F-15C;Pilot #024;Red;Plane;Su-25T;Pilot #059;1;1
TAW_CSARz_PALACE_3.6136;7/05/2017;12:21:17;PL19;PL20;HIT_SCORE;Blue;Plane;F-15C;Pilot #024;Red;Plane;A-10C;Pilot #057;1;1
TAW_CSARz_PALACE_3.6136;7/05/2017;1:23:03;PL23;PL22;DESTROY_SCORE;Red;Plane;M-2000C;Pilot #038;Blue;Plane;F-15C;Pilot #070;1;6
TAW_CSARz_PALACE_3.6136;7/05/2017;1:17:00;PL6;;HIT_SCORE;Red;Plane;A-10C;Pilot #056;Blue;Vehicle;Vulcan;Unit #004;1;1
TAW_CSARz_PALACE_3.6136;7/05/2017;12:45:40;PL6;;HIT_SCORE;Red;Plane;A-10C;Pilot #056;Blue;Vehicle;M1128 Stryker MGS;Unit #010;1;1
TAW_CSARz_PALACE_3.6136;7/05/2017;1:09:18;PL13;;HIT_SCORE;Red;;;;;Scenery;KORPUS_B1;269962308;1;0
TAW_CSARz_PALACE_3.6136;7/05/2017;12:33:24;PL9;PL15;DESTROY_SCORE;Blue;Plane;F-15C;Pilot #017;Red;Plane;Su-27;Pilot #041;1;5
TAW_CSARz_PALACE_3.6136;7/05/2017;1:39:27;PL12;;DESTROY_SCORE;Red;Plane;AJS37;Pilot #110;Blue;Vehicle;Soldier M249;Unit #453;1;1
TAW_CSARz_PALACE_3.6136;7/05/2017;12:21:53;PL9;PL11;HIT_SCORE;Blue;Plane;F-15C;Pilot #017;Red;Plane;A-10C;Pilot #054;1;1
TAW_CSARz_PALACE_3.6136;7/05/2017;12:50:37;PL20;;DESTROY_SCORE;Red;Plane;A-10C;Pilot #057;Blue;Vehicle;Vulcan;Unit #015;1;4
