@K=function, @M=Task_A2A, @N=onafterRouteToRendezVous, @P=Fsm, @F=../../../MOOSE/Moose Development/Moose\Tasking\Task_A2A.lua, @C=4242,
@K=function, @M=Task_A2A, @N=OnAfterArriveAtRendezVous, @P=Fsm, @F=../../../MOOSE/Moose Development/Moose\Tasking\Task_A2A.lua, @C=4903,
@K=function, @M=Task_A2A, @N=onafterEngage, @P=Fsm, @F=../../../MOOSE/Moose Development/Moose\Tasking\Task_A2A.lua, @C=5300,
@K=function, @M=Task_A2A, @N=onafterRouteToTarget, @P=Fsm, @F=../../../MOOSE/Moose Development/Moose\Tasking\Task_A2A.lua, @C=5622,
@K=function, @M=Task_A2A, @N=onafterRouteToTargets, @P=Fsm, @F=../../../MOOSE/Moose Development/Moose\Tasking\Task_A2A.lua, @C=6503,
@K=function, @M=Task_A2G, @N=onafterRouteToRendezVous, @P=Fsm, @F=../../../MOOSE/Moose Development/Moose\Tasking\Task_A2G.lua, @C=4236,
@K=function, @M=Task_A2G, @N=OnAfterArriveAtRendezVous, @P=Fsm, @F=../../../MOOSE/Moose Development/Moose\Tasking\Task_A2G.lua, @C=4897,
@K=function, @M=Task_A2G, @N=onafterEngage, @P=Fsm, @F=../../../MOOSE/Moose Development/Moose\Tasking\Task_A2G.lua, @C=5294,
@K=function, @M=Task_A2G, @N=onafterRouteToTarget, @P=Fsm, @F=../../../MOOSE/Moose Development/Moose\Tasking\Task_A2G.lua, @C=5616,
@K=function, @M=Task_A2G, @N=onafterRouteToTargets, @P=Fsm, @F=../../../MOOSE/Moose Development/Moose\Tasking\Task_A2G.lua, @C=6495,
@K=function, @M=Task_Cargo, @N=onafterSelectAction, @P=Fsm, @F=../../../MOOSE/Moose Development/Moose\Tasking\Task_CARGO.lua, @C=10296,
@K=function, @M=Task_Cargo, @N=OnLeaveWaitingForCommand, @P=Fsm, @F=../../../MOOSE/Moose Development/Moose\Tasking\Task_CARGO.lua, @C=13325,
@K=function, @M=Task_Cargo, @N=onafterRouteToPickup, @P=Fsm, @F=../../../MOOSE/Moose Development/Moose\Tasking\Task_CARGO.lua, @C=14186,
@K=function, @M=Task_Cargo, @N=onafterArriveAtPickup, @P=Fsm, @F=../../../MOOSE/Moose Development/Moose\Tasking\Task_CARGO.lua, @C=14807,
@K=function, @M=Task_Cargo, @N=onafterCancelRouteToPickup, @P=Fsm, @F=../../../MOOSE/Moose Development/Moose\Tasking\Task_CARGO.lua, @C=15336,
@K=function, @M=Task_Cargo, @N=onafterRouteToDeploy, @P=Fsm, @F=../../../MOOSE/Moose Development/Moose\Tasking\Task_CARGO.lua, @C=15673,
@K=function, @M=Task_Cargo, @N=onafterArriveAtDeploy, @P=Fsm, @F=../../../MOOSE/Moose Development/Moose\Tasking\Task_CARGO.lua, @C=16120,
@K=function, @M=Task_Cargo, @N=onafterCancelRouteToDeploy, @P=Fsm, @F=../../../MOOSE/Moose Development/Moose\Tasking\Task_CARGO.lua, @C=16548,
@K=function, @M=Task_Cargo, @N=onafterLanded, @P=Fsm, @F=../../../MOOSE/Moose Development/Moose\Tasking\Task_CARGO.lua, @C=17835,
@K=function, @M=Task_Cargo, @N=onafterPrepareBoarding, @P=Fsm, @F=../../../MOOSE/Moose Development/Moose\Tasking\Task_CARGO.lua, @C=18601,
@K=function, @M=Task_Cargo, @N=onafterBoard, @P=Fsm, @F=../../../MOOSE/Moose Development/Moose\Tasking\Task_CARGO.lua, @C=19061,
@K=function, @M=Task_Cargo, @N=onafterBoarded, @P=Fsm, @F=../../../MOOSE/Moose Development/Moose\Tasking\Task_CARGO.lua, @C=20002,
@K=function, @M=Task_Cargo, @N=onafterPrepareUnBoarding, @P=Fsm, @F=../../../MOOSE/Moose Development/Moose\Tasking\Task_CARGO.lua, @C=20685,
@K=function, @M=Task_Cargo, @N=onafterUnBoard, @P=Fsm, @F=../../../MOOSE/Moose Development/Moose\Tasking\Task_CARGO.lua, @C=21645,
@K=function, @M=Task_Cargo, @N=onafterUnBoarded, @P=Fsm, @F=../../../MOOSE/Moose Development/Moose\Tasking\Task_CARGO.lua, @C=22664,
@K=function, @M=Designate, @N=OnBeforeLaseOn, @P=DESIGNATE , @F=../../../MOOSE/Moose Development/Moose\Functional\Designate.lua, @C=12214,
@K=function, @M=Designate, @N=OnAfterLaseOn, @P=DESIGNATE , @F=../../../MOOSE/Moose Development/Moose\Functional\Designate.lua, @C=12462,
@K=function, @M=Designate, @N=LaseOn, @P=DESIGNATE , @F=../../../MOOSE/Moose Development/Moose\Functional\Designate.lua, @C=12683,
@K=function, @M=Designate, @N=__LaseOn, @P=DESIGNATE , @F=../../../MOOSE/Moose Development/Moose\Functional\Designate.lua, @C=12806,
@K=function, @M=Designate, @N=OnBeforeLaseOff, @P=DESIGNATE , @F=../../../MOOSE/Moose Development/Moose\Functional\Designate.lua, @C=13090,
@K=function, @M=Designate, @N=OnAfterLaseOff, @P=DESIGNATE , @F=../../../MOOSE/Moose Development/Moose\Functional\Designate.lua, @C=13340,
@K=function, @M=Designate, @N=LaseOff, @P=DESIGNATE , @F=../../../MOOSE/Moose Development/Moose\Functional\Designate.lua, @C=13563,
@K=function, @M=Designate, @N=__LaseOff, @P=DESIGNATE , @F=../../../MOOSE/Moose Development/Moose\Functional\Designate.lua, @C=13688,
@K=function, @M=Designate, @N=OnBeforeSmoke, @P=DESIGNATE , @F=../../../MOOSE/Moose Development/Moose\Functional\Designate.lua, @C=13902,
@K=function, @M=Designate, @N=OnAfterSmoke, @P=DESIGNATE , @F=../../../MOOSE/Moose Development/Moose\Functional\Designate.lua, @C=14148,
@K=function, @M=Designate, @N=Smoke, @P=DESIGNATE , @F=../../../MOOSE/Moose Development/Moose\Functional\Designate.lua, @C=14367,
@K=function, @M=Designate, @N=__Smoke, @P=DESIGNATE , @F=../../../MOOSE/Moose Development/Moose\Functional\Designate.lua, @C=14488,
@K=function, @M=Designate, @N=OnBeforeStatus, @P=DESIGNATE , @F=../../../MOOSE/Moose Development/Moose\Functional\Designate.lua, @C=15574,
@K=function, @M=Designate, @N=OnAfterStatus, @P=DESIGNATE , @F=../../../MOOSE/Moose Development/Moose\Functional\Designate.lua, @C=15822,
@K=function, @M=Designate, @N=Status, @P=DESIGNATE , @F=../../../MOOSE/Moose Development/Moose\Functional\Designate.lua, @C=16043,
@K=function, @M=Designate, @N=__Status, @P=DESIGNATE , @F=../../../MOOSE/Moose Development/Moose\Functional\Designate.lua, @C=16166,
